{
    "openai_chatgpt-4o-latest_evaluating_wrong_anthropic_claude-3.7-sonnet.json": {
        "given_info_score": 95.83333333333333,
        "kc_score": 58.333333333333336,
        "final_ans_score": 58.333333333333336,
        "understand_score": 98.33333333333334,
        "fluency_score": 97.5,
        "grammar_score": 95.83333333333333
    },
    "openai_chatgpt-4o-latest_evaluating_wrong_deepseek_deepseek-r1-distill-qwen-14b.json": {
        "given_info_score": 100.0,
        "kc_score": 75.0,
        "final_ans_score": 66.66666666666667,
        "understand_score": 100.0,
        "fluency_score": 100.0,
        "grammar_score": 100.0
    },
    "openai_chatgpt-4o-latest_evaluating_wrong_deepseek_deepseek-r1.json": {
        "given_info_score": 87.5,
        "kc_score": 16.666666666666668,
        "final_ans_score": 4.166666666666667,
        "understand_score": 99.16666666666666,
        "fluency_score": 97.5,
        "grammar_score": 95.83333333333333
    },
    "openai_chatgpt-4o-latest_evaluating_wrong_meta-llama_llama-3.3-70b-instruct.json": {
        "given_info_score": 95.65217391304348,
        "kc_score": 30.434782608695652,
        "final_ans_score": 17.391304347826086,
        "understand_score": 93.04347826086956,
        "fluency_score": 83.47826086956522,
        "grammar_score": 65.21739130434783
    },
    "openai_chatgpt-4o-latest_evaluating_wrong_meta-llama_llama-4-scout.json": {
        "given_info_score": 87.5,
        "kc_score": 29.166666666666668,
        "final_ans_score": 25.0,
        "understand_score": 80.83333333333334,
        "fluency_score": 73.33333333333334,
        "grammar_score": 58.333333333333336
    },
    "openai_chatgpt-4o-latest_evaluating_wrong_microsoft_phi-3.5-mini-128k-instruct.json": {
        "given_info_score": 91.66666666666667,
        "kc_score": 50.0,
        "final_ans_score": 29.166666666666668,
        "understand_score": 93.33333333333334,
        "fluency_score": 90.0,
        "grammar_score": 91.66666666666667
    },
    "openai_chatgpt-4o-latest_evaluating_wrong_microsoft_phi-4-reasoning-plus.json": {
        "given_info_score": 100.0,
        "kc_score": 33.333333333333336,
        "final_ans_score": 0.0,
        "understand_score": 95.83333333333334,
        "fluency_score": 90.83333333333334,
        "grammar_score": 91.66666666666667
    },
    "openai_chatgpt-4o-latest_evaluating_wrong_openai_chatgpt-4o-latest.json": {
        "given_info_score": 91.66666666666667,
        "kc_score": 25.0,
        "final_ans_score": 4.166666666666667,
        "understand_score": 99.16666666666666,
        "fluency_score": 95.83333333333334,
        "grammar_score": 87.5
    },
    "openai_chatgpt-4o-latest_evaluating_wrong_qwen_qwen3-14b.json": {
        "given_info_score": 87.5,
        "kc_score": 25.0,
        "final_ans_score": 16.666666666666668,
        "understand_score": 95.83333333333334,
        "fluency_score": 94.16666666666666,
        "grammar_score": 91.66666666666667
    },
    "openai_chatgpt-4o-latest_evaluating_wrong_qwen_qwen3-235b-a22b.json": {
        "given_info_score": 95.83333333333333,
        "kc_score": 12.5,
        "final_ans_score": 4.166666666666667,
        "understand_score": 99.16666666666666,
        "fluency_score": 98.33333333333334,
        "grammar_score": 100.0
    }
}